{
    "file": "wire\/modules\/Process\/ProcessPageAdd\/ProcessPageAdd.module",
    "textdomain": "wire--modules--process--processpageadd--processpageadd-module",
    "translations": {
        "278c491bdd8a53618c149c4ac790da34": {
            "text": "Mod\u00e8le"
        },
        "c9cc8cce247e49bae79f15173ce97354": {
            "text": "Enregistrer"
        },
        "de9ced9bf5e9829de4a93ad8c9d7a170": {
            "text": "Nouvelle page"
        },
        "abc32b2bc5cd1b61b5d3738f09405c0d": {
            "text": "Champ requis manquant : nom"
        },
        "9c99ecab6aa8967c077e01a0b3f51668": {
            "text": "Page %1$s cr\u00e9\u00e9e avec le mod\u00e8le : %2$s"
        },
        "c4f4f1adddc771c086745ca04050d415": {
            "text": "Ajout de page"
        },
        "e1622ba9f41f5b695bddc69e3ceaa204": {
            "text": "Ajouter une nouvelle page"
        },
        "a3e80c9c5e2dfb9f58712a83e2006a5e": {
            "text": "O\u00f9 voulez vous ajouter la nouvelle %s ?"
        },
        "100e1438e523c6553ac21fd872262d56": {
            "text": "Veuillez s\u00e9lectionner une page parent pour %s ci-dessous :"
        },
        "d337f7f6b3b52602b84f206e80fc6a85": {
            "text": "Aucun mod\u00e8le permis pour ajouter de nouvelles pages ici."
        },
        "76effbf5625101a8e29d5720e986ee6a": {
            "text": "Le mod\u00e8le \u00ab %s \u00bb n'est pas permis ici."
        },
        "7d4be9f67818bd22d064880270a3e4af": {
            "text": "Enregistrer et publier"
        },
        "41553b358b6daba19bf079d5ad3eefb1": {
            "text": "Page temporaire inutilis\u00e9e"
        },
        "bd71df4fde063d60b0fe33d87f52f7ff": {
            "text": "Attention, le nom \u00ab %1$s \u00bb que vous avez utilis\u00e9 est d\u00e9j\u00e0 utilit\u00e9 et a \u00e9t\u00e9 chang\u00e9 vers \u00ab %2$s \u00bb."
        },
        "bb8bbda58833ce19eef6193e1918e8cf": {
            "text": "D\u00e9sactiver la publication automatique"
        },
        "13148993e6c4399880e879c88a664347": {
            "text": "Par d\u00e9faut, les pages ne comprenant que des champs globaux (le plus souvent \u00ab title \u00bb) seront publi\u00e9es automatiquement lors de leur ajout, contournant l'\u00e9tat non publi\u00e9 habituel. G\u00e9n\u00e9ralement, ceci repr\u00e9sente une \u00e9conomie de temps d\u00e9sirable. Vous pouvez cependant annuler ce comportement par cocher la case ci-dessous."
        },
        "5ffb937a7aaced6b2c652cd8b8650135": {
            "text": "Le nom entr\u00e9 est d\u00e9j\u00e0 utilis\u00e9. Si vous ne le modifiez pas, il sera rendu unique automatiquement apr\u00e8s l'enregistrement."
        },
        "b0324fdebb63032317bba7c66bff89fc": {
            "text": "Il n'y a actuellement aucun mod\u00e8le avec la relation parent\/enfant d\u00e9finie n\u00e9cessaire pour afficher le raccourci \u00abAjouter nouveau\u00bb ici. Pour configurer cela, \u00e9ditez tout mod\u00e8le (Param\u00e8tres > Mod\u00e8les) et cliquez sur l'onglet \"Relations\"."
        },
        "a60852f204ed8028c1c58808b746d115": {
            "text": "OK"
        },
        "30269022e9d8f51beaabb52e5d0de2b7": {
            "text": "="
        },
        "a713b3cf3828f00d541e6ae14b294a8f": {
            "text": "Les pages que vous s\u00e9lectionnez ci-dessus repr\u00e9sentent des signets vers les pages parent o\u00f9 vous d\u00e9sirez ajouter les pages enfant. Notez que si un utilisateur n'a pas la permission d'ajouter une page \u00e0 une page parent (que ce soit d\u00fb \u00e0 un contr\u00f4le d'acc\u00e8s ou un param\u00e8tre de relation de mod\u00e8le), le signet n'appara\u00eetra pas."
        },
        "e0f8c45404ac3252900cc035530cd905": {
            "text": "Ordre de raccourci de mod\u00e8le"
        },
        "94eef4670f102676a952d0989f852649": {
            "text": "Pour changer l'ordre des raccourcis \u00abAjouter nouveau\u00bb de mod\u00e8les de pages, glissez-d\u00e9posez les options dans l'ordre d\u00e9sir\u00e9."
        },
        "557335482992652fdefe6cc17332688f": {
            "text": "Pour ajouter ou enlever des mod\u00e8les de ces raccourcis, voyez l'onglet Relations de l'\u00e9diteur de mod\u00e8les."
        },
        "591d3e7786bdfa26890da22a5565f1f5": {
            "text": "Enregistrer + Publier + Ajouter une autre"
        },
        "9d9c4e8d05601024166b9a3b0cb46ad6": {
            "text": "La s\u00e9lection d'un mod\u00e8le est requise"
        }
    }
}