{
    "file": "wire\/modules\/Fieldtype\/FieldtypeOptions\/SelectableOptionConfig.php",
    "textdomain": "wire--modules--fieldtype--fieldtypeoptions--selectableoptionconfig-php",
    "translations": {
        "d5d394071928f1f25b0e3c0f0a336d13": {
            "text": "Veuillez confirmer que vous d\u00e9sirez supprimer ces options"
        },
        "69e27cd6eff790dbbd4b6f65275ebaf7": {
            "text": "SUPPRIMER :"
        },
        "2193a0641b7380e976778074efdfec0a": {
            "text": "Valeur unique"
        },
        "06a7c76b256c778d08e1c9548a9e679d": {
            "text": "Valeurs multiples"
        },
        "1465fa2b1c38fd4e8579e84e2b31a6d6": {
            "text": "Que devrait-il \u00eatre utilis\u00e9 comme entr\u00e9e ?"
        },
        "a088b8e4d1d572f82e2661ab0862f00b": {
            "text": "Selon le type d'entr\u00e9e utilis\u00e9, l'utilisateur sera en mesure de s\u00e9lectionner une ou plusieurs options. Quelques types d'entr\u00e9e (comme AsmSelect) supportent aussi les s\u00e9lections pouvant \u00eatre tri\u00e9es. D'autres types d'entr\u00e9e permettent plus d'options dans l'onglet *Champ* (visible apr\u00e8s avoir sauvegard\u00e9)."
        },
        "2b19b4791a203f60ffe7369493dd7b5f": {
            "text": "Quelles options peuvent \u00eatre s\u00e9lectionn\u00e9es ?"
        },
        "7ca00a9ac9a521d8e1d62919da2e66c6": {
            "text": "Entrer une option \u00e0 s\u00e9lectionner par ligne. Apr\u00e8s avoir enregistr\u00e9, un num\u00e9ro d'ID sera assign\u00e9 \u00e0 chacune des options; par exemple 123=titre. Veuillez consulter les [instructions sur l'usage de ce champ](%s)."
        },
        "ebe68b1a7edd199230885058ca3f3351": {
            "text": "Note multilingue : d\u00e9finissez les options dans la langue par d\u00e9faut et sauvegardez avant de les traduire dans d'autres langues."
        },
        "0581f7830fb426e1d56efadbc1a09edb": {
            "text": "Quelles options d\u00e9sirez vous avoir pr\u00e9s\u00e9lectionn\u00e9es ? (optionnel)"
        },
        "ad560982b535502d63dbf2f46ea8b3a6": {
            "text": "Ce champ sert aussi d'aper\u00e7u pour votre type d'entr\u00e9e s\u00e9lectionn\u00e9e (%s) ainsi que ses options."
        },
        "c3524d56fb147114b84d6e9dd56110a9": {
            "text": "Supprimer cette option"
        },
        "c766e5be484b0e0a2104bc2fe925000c": {
            "text": "Supprimer ces options"
        },
        "7a55572484844c1b337505ee266d3007": {
            "text": "Exemple d\u2018usage de l'API"
        },
        "9786dd72ff72c22b5cde66e2ef3a6c6a": {
            "text": "G\u00e9n\u00e9ration d'une s\u00e9lection unique :"
        },
        "c575fc08137bccf13da4fff3117ff3e2": {
            "text": "G\u00e9n\u00e9ration d'une s\u00e9lection multiple :"
        },
        "d51f7ee41ebdd5252b9a4410e297b306": {
            "text": "Si vous voulez g\u00e9n\u00e9rer des valeurs plut\u00f4t que des titres, remplacez \"title\" par \"value\" dans les exemples ci-dessous."
        },
        "d8773b3c985910685f4f4aca03604c14": {
            "text": "Valeurs multiples triables"
        },
        "69a114a946943d26c4ea03ba031b4124": {
            "text": "Note : cette pr\u00e9-s\u00e9lection n'est pas activ\u00e9e comme ce champ n'est pas requis. Activez l'option \"required\" dans l'onglet \"input\" de ce champ"
        },
        "67f541f6547ed8217b9d81909acc241f": {
            "text": "Pr\u00e9 s\u00e9lection active comme ce champ est requis"
        },
        "6adf97f83acf6453d4a6a4b1070f3754": {
            "text": "Aucun(e)"
        }
    }
}