{
    "file": "wire\/core\/Modules.php",
    "textdomain": "wire--core--modules-php",
    "translations": {
        "3919fe955716c54c409b522a1003f3e0": {
            "text": "Vous n'avez pas la permission d'ex\u00e9cuter ce module"
        },
        "de7a358da1292f56861c726d3c860dc0": {
            "text": "Impossible d'installer le module requis"
        },
        "8fbd3d16ca5c99185a023c9b7e6bb3e9": {
            "text": "Permission ajout\u00e9e : %s"
        },
        "e349b4d55d1eb71f3b313924149aa242": {
            "text": "Erreur pendant l'ajout de la permission : %s"
        },
        "d8b74ebbc7d2d9e0bb9860f5875e6a58": {
            "text": "Installation automatique du module"
        },
        "2ccb0669e8a2f6a3117f340bb36e8d4b": {
            "text": "D\u00e9sinstallation automatique du module"
        },
        "37ab3f591b07274ff3b4c891af63e4d1": {
            "text": "Permission supprim\u00e9e : %s"
        },
        "7dd5a577bde82df3631263cfd04a07bb": {
            "text": "Erreur pendant la suppression de la permission : %s"
        },
        "141e30f2de96660020efd996cc916413": {
            "text": "D\u00e9pendance de module non remplie : %s requiert %s"
        },
        "3ba3666c48feabf2f2506e1f835ea92e": {
            "text": "Mise \u00e0 jour du module"
        },
        "0a6712f704d759c81cdc4416397e7faf": {
            "text": "\u00c9chec pour construire le module : %s"
        },
        "7f5ebaf3241ff21764054580a96a3b11": {
            "text": "\u00c9chec pour initialiser le module : %s"
        },
        "dc3b5200f4c5fe1739b1bb1946ed22c1": {
            "text": "\u00c9chec pour pr\u00e9parer le module : %s"
        },
        "7ac5a75a8a79dc9b9e8d40dbed9c4124": {
            "text": "Le module %s requiert : %s"
        },
        "dc3fd488f03d423a04da27ce66274c1b": {
            "text": "Attention !"
        },
        "1f8ef8340fd2af55ecdf88e4a9ea3d8e": {
            "text": "Le module a rencontr\u00e9 une erreur durant l'installation"
        },
        "46e2d06b80d816b2916f1f27492fbabd": {
            "text": "Impossible d'installer le module"
        },
        "5c4f3cc8a1cdcfa7759b4d0a199bcfa0": {
            "text": "Le module n'est pas d\u00e9j\u00e0 install\u00e9"
        },
        "8ffefc63396ecaf77fdcafe5163f2bfe": {
            "text": "Le module est permanent"
        },
        "926c4c5bf92909f4225cafbe323a1ea9": {
            "text": "Le module est requis par d'autres modules qui doivent \u00eatre d\u00e9sinstall\u00e9s avant"
        },
        "d710b0151d568a1efa24617b78fa1f25": {
            "text": "Ce module est type de champ utilis\u00e9 par un ou plusieurs champs"
        },
        "5a2fc11bf796d8311be4cbec0b42de6a": {
            "text": "%d nouveau(x) module(s) trouv\u00e9(s) :"
        },
        "c6c027ba8c6c5d40e280070bd29ded16": {
            "text": "%d module(s) d\u00e9plac\u00e9(s) trouv\u00e9s :"
        },
        "6ea5c2eaa01aed58a21b407c8e6dfd98": {
            "text": "%d fichier(s) de module(s) manquant(s) trouv\u00e9(s):"
        },
        "ad9906aa0524fdfe2d135ea6be8c4a6a": {
            "text": "%d changement(s) de version(s) de module(s) trouv\u00e9e(s) (s'applique au chargement de chaque module):"
        }
    }
}