{
    "file": "wire\/core\/Inputfield.php",
    "textdomain": "wire--core--inputfield-php",
    "translations": {
        "efdf8051d64766330e13627274b01787": {
            "text": "Les conditions exprim\u00e9es avec un s\u00e9lecteur \u00ab champ=valeur \u00bb contiennent des champs et des valeurs \u00e0 faire correspondre. Les conditions multiples doivent \u00eatres s\u00e9par\u00e9es par une virgule."
        },
        "2d7ff3fa8a1a844b270d96878d358762": {
            "text": "En savoir plus sur [comment utiliser ceci](http:\/\/processwire.com\/api\/selectors\/inputfield-dependencies\/)."
        },
        "1729a56cfc89021478498fe0c89a843a": {
            "text": "Visibilit\u00e9"
        },
        "c7bc3fddddb62d5b656adc30cea77a55": {
            "text": "Pr\u00e9sentation"
        },
        "49632d1c8309d42371ab31fe84d56c91": {
            "text": "Comment ce champ devrait-il \u00eatre affich\u00e9 dans l'\u00e9diteur ?"
        },
        "3b57940d51a0ed7f2d5c49363114bd0e": {
            "text": "Entrez les conditions \u00e0 rencontrer pour que le champ soit affich\u00e9."
        },
        "0eb0b305235144ffe99e247b24200b09": {
            "text": "La largeur de ce conteneur de champ exprim\u00e9e en pourcentage (10%-100%). Lorsqu'adjacent \u00e0 d'autres champs de largeurs r\u00e9duites, cela cr\u00e9era des colonnes flottantes."
        },
        "8387772e28e9c2b81fa8cb674e569663": {
            "text": "Notes que certains champs le fonctionnent pas \u00e0 des largeurs r\u00e9duites, il est donc recommand\u00e9 de v\u00e9rifier le r\u00e9sultat apr\u00e8s avoir effectu\u00e9 des changements."
        },
        "6e18e908568ef24580d93bfd3e0f40d7": {
            "text": "Requis ?"
        },
        "c48c7243fc307fd425df738c9f0f4324": {
            "text": "Si coch\u00e9, une valeur sera requise pour ce champ."
        },
        "bb0df4a2d5e0d99eaba53f152ff7f0f7": {
            "text": "Entres les conditions \u00e0 rencontrer pour qu'une valeur soit requise pour ce champ."
        },
        "c3bf447eabe632720a3aa1a7ce401274": {
            "text": "Ouvert"
        },
        "0d2d71d5551271c673df720e61b08cf8": {
            "text": "Ouvert + Ne peut pas \u00eatre ferm\u00e9"
        },
        "5995da1dbd9a2df5487ab0324f2d4a01": {
            "text": "Ouvert lorsque rempli + Ferm\u00e9 lorsque vide"
        },
        "e75c5e5c17a86f893fac8d2b7b7a3762": {
            "text": "Ouvert lorsque rempli + Ferm\u00e9 lorsque vide + Charger seulement \u00e0 l'ouverture (AJAX)"
        },
        "3a28674fd51f34234723d80de10c6382": {
            "text": "Ouvert lorsque rempli + Ferm\u00e9 lorsque vide + Verrouill\u00e9 (non \u00e9ditable)"
        },
        "2f6f6a0f0c4157d8a5174b75063ba0e2": {
            "text": "Ouvert lorsque vide + Ferm\u00e9 lorsque rempli"
        },
        "03f4a47830f97377a35321051685071e": {
            "text": "Ferm\u00e9"
        },
        "3567554c6ab1f1648a4b4ecbbbb4733d": {
            "text": "Ferm\u00e9 + Verrouill\u00e9 (non \u00e9ditable)"
        },
        "9101591614e0d079e052d9cbf4e1c203": {
            "text": "Ferm\u00e9 + Charger seulement \u00e0 l'ouverture (AJAX)"
        },
        "cb6df4e080dea0319f74d565e587c2b5": {
            "text": "Les options marqu\u00e9es d'un %s pourraient le pas fonctionner avec tous les types de champs ou emplacements, testez pour v\u00e9rifier la compatibilit\u00e9."
        },
        "2145d1256ac3cfac3444b42d04572b4e": {
            "text": "Cach\u00e9 (pas affich\u00e9 dans l'\u00e9diteur)"
        },
        "44158720c6f7deaff17b2430d3d31254": {
            "text": "Cacher ce champ seulement si"
        },
        "c1d71aa80e02ee67489431d11e5f58a8": {
            "text": "Requis seulement si"
        },
        "b26d2db211d5748ab5ca3f2b5124e63a": {
            "text": "Largeur de colonne (%d%%)"
        },
        "4049392fac457a50d9eb641c5873f41e": {
            "text": "Utilise aussi l'attribut HTML5 \"required\" ?"
        },
        "e20047e93328484a90fd0cf82642d0ff": {
            "text": "N'utiliser que sur les champs toujours visible par l'utilisateur"
        },
        "f89871ce31a971990070c480d4c257a6": {
            "text": "Ouvert = v\u00e9rouill\u00e9 (pas \u00e9ditable)"
        }
    }
}